{"turnoutVs2020Min":0.38398595379116524,"turnoutVs2020Max":0.7990628866214861,"turnoutVs2018Min":0.4605197111857601,"turnoutVs2018Max":0.9813635109738316,"turnoutVs2016Min":0.44527363184079605,"turnoutVs2016Max":1.0514018691588785,"turnoutAbsSameDayVs2020Min":0.6563425300540061,"turnoutAbsSameDayVs2020Max":0.9062836826347305,"turnoutAbsSameDayVs2018Min":1.0940158530842883,"turnoutAbsSameDayVs2018Max":2.1894065733414485,"turnout2018Vs2016Min":0.8759637268847795,"turnout2018Vs2016Max":1.0995282815124017,"shift2018To2016Min":-0.031389973377679216,"shift2018To2016Max":0.055841827372084506,"shift2020To2018Min":-0.03821405888928925,"shift2020To2018Max":0.05845491010936563,"shift2020To2016Min":-0.03540314999814096,"shift2020To2016Max":0.09149688251840556,"republicanTurnoutVs2016Min":0.04700000000000001,"republicanTurnoutVs2016Max":1.3868401759530793,"democratTurnoutVs2016Min":-0.027845528455284558,"democratTurnoutVs2016Max":0.7940633631052368,"republicanTurnoutVs2018Min":-0.039028367718446595,"republicanTurnoutVs2018Max":0.9677979350443723,"democratTurnoutVs2018Min":0.05971994671793355,"democratTurnoutVs2018Max":0.6666666666666667,"margin2016Min":-1501,"margin2016Max":1422.75,"marginShift2020To2016Min":-549.1,"marginShift2020To2016Max":326}