{"turnoutVs2020Min":0.4532060045621642,"turnoutVs2020Max":0.7168726783168787,"turnoutVs2018Min":0.5318904268773378,"turnoutVs2018Max":0.9155273224834203,"turnoutVs2016Min":0.5226381493694146,"turnoutVs2016Max":0.920869819378041,"turnoutAbsSameDayVs2020Min":0.7172690468074691,"turnoutAbsSameDayVs2020Max":1.1906793099246593,"turnoutAbsSameDayVs2018Min":1.0863298100237009,"turnoutAbsSameDayVs2018Max":2.2486679874809767,"turnout2018Vs2016Min":0.8632749737513123,"turnout2018Vs2016Max":1.031611505118597,"shift2018To2016Min":-0.03902649618474458,"shift2018To2016Max":0.04654020437488687,"shift2020To2018Min":-0.02108978025014474,"shift2020To2018Max":0.04792099543545504,"shift2020To2016Min":-0.03178074845918544,"shift2020To2016Max":0.07589352895998637,"republicanTurnoutVs2016Min":0.06845499618611744,"republicanTurnoutVs2016Max":0.44180593579346195,"democratTurnoutVs2016Min":0.008099819429396887,"democratTurnoutVs2016Max":0.7080201225040627,"republicanTurnoutVs2018Min":0.010497093517353897,"republicanTurnoutVs2018Max":0.35364155955441295,"democratTurnoutVs2018Min":0.0752381278851867,"democratTurnoutVs2018Max":0.624832893069}