{"turnoutVs2020Min":0.4684398390143737,"turnoutVs2020Max":0.744786783689336,"turnoutVs2018Min":0.5593750769319885,"turnoutVs2018Max":0.9411267680725295,"turnoutVs2016Min":0.5469763783507052,"turnoutVs2016Max":0.9420856508552611,"turnoutAbsSameDayVs2020Min":0.6692040236674158,"turnoutAbsSameDayVs2020Max":0.8905722463554308,"turnoutAbsSameDayVs2018Min":1.032076813655761,"turnoutAbsSameDayVs2018Max":2.147389233079881,"turnout2018Vs2016Min":0.8632749737513123,"turnout2018Vs2016Max":1.031611505118597,"shift2018To2016Min":-0.03902649618474458,"shift2018To2016Max":0.04654020437488687,"shift2020To2018Min":-0.02108978025014474,"shift2020To2018Max":0.04792099543545504,"shift2020To2016Min":-0.03178074845918544,"shift2020To2016Max":0.07589352895998637,"republicanTurnoutVs2016Min":0.06845499618611744,"republicanTurnoutVs2016Max":0.44180593579346195,"democratTurnoutVs2016Min":0.008099819429396887,"democratTurnoutVs2016Max":0.7080201225040627,"republicanTurnoutVs2018Min":0.010497093517353897,"republicanTurnoutVs2018Max":0.35364155955441295,"democratTurnoutVs2018Min":0.0752381278851867,"democratTurnoutVs2018Max":0.624832893069}