{"turnoutVs2018Min":1.0795705650359535,"turnoutVs2018Max":1.4264437689969596,"turnoutVs2016Min":1.020671834625323,"turnoutVs2016Max":1.5090579710144927,"turnoutAbsSameDayVs2018Min":1.4219314043411393,"turnoutAbsSameDayVs2018Max":2.8794098447020016,"turnout2018Vs2016Min":0.8778513428599287,"turnout2018Vs2016Max":1.1022956367301875,"shift2018To2016Min":-0.031557613422630304,"shift2018To2016Max":0.0561660492922399,"shift2020To2018Min":-0.03845857176841716,"shift2020To2018Max":0.058654629491854716,"shift2020To2016Min":-0.036286919831223674,"shift2020To2016Max":0.09155139927553163,"absVotesRemainingMin":0,"absVotesRemainingMax":17,"republicanTurnoutVs2016Min":0.04223701584507039,"republicanTurnoutVs2016Max":1.3875448028673836,"democratTurnoutVs2016Min":-0.02923240291262134,"democratTurnoutVs2016Max":0.7938430190194021,"republicanTurnoutVs2018Min":-0.042615423791894355,"republicanTurnoutVs2018Max":0.9109225874867416,"democratTurnoutVs2018Min":0.058168409260642255,"democratTurnoutVs2018Max":0.6666666666666667}