{"turnoutVs2020Min":0.36283804477962206,"turnoutVs2020Max":0.7539859168043747,"turnoutVs2018Min":0.4352573439480531,"turnoutVs2018Max":0.9299351628328568,"turnoutVs2016Min":0.4184514003294893,"turnoutVs2016Max":0.9917627677100495,"turnoutAbsSameDayVs2020Min":0.7009623609248008,"turnoutAbsSameDayVs2020Max":0.949197702921314,"turnoutAbsSameDayVs2018Min":1.1764530721548294,"turnoutAbsSameDayVs2018Max":2.36651761502305,"turnout2018Vs2016Min":0.8759637268847795,"turnout2018Vs2016Max":1.0995282815124017,"shift2018To2016Min":-0.031389973377679216,"shift2018To2016Max":0.055841827372084506,"shift2020To2018Min":-0.038216317170761405,"shift2020To2018Max":0.058455348695137965,"shift2020To2016Min":-0.03540933518899409,"shift2020To2016Max":0.09149947657171913,"republicanTurnoutVs2016Min":0.046952380952380954,"republicanTurnoutVs2016Max":1.3868768328445746,"democratTurnoutVs2016Min":-0.027879403794037944,"democratTurnoutVs2016Max":0.7942837071910714,"republicanTurnoutVs2018Min":-0.03903974514563106,"republicanTurnoutVs2018Max":0.967949946114238,"democratTurnoutVs2018Min":0.059716218585445804,"democratTurnoutVs2018Max":0.6666666666666667,"margin2016Min":-1501,"margin2016Max":1422.75,"marginShift2020To2016Min":-549.15,"marginShift2020To2016Max":326}