{"turnoutVs2018Min":1.0862485975593488,"turnoutVs2018Max":1.4063668064479464,"turnoutVs2016Min":1.0383620523551158,"turnoutVs2016Max":1.4054950577978171,"turnoutAbsSameDayVs2018Min":1.3513295666681406,"turnoutAbsSameDayVs2018Max":2.670836028405821,"turnout2018Vs2016Min":0.8632749737513123,"turnout2018Vs2016Max":1.031611505118597,"shift2018To2016Min":-0.03902649618474458,"shift2018To2016Max":0.04654020437488687,"shift2020To2018Min":-0.02108978025014474,"shift2020To2018Max":0.04792099543545504,"shift2020To2016Min":-0.03178074845918544,"shift2020To2016Max":0.07589352895998637,"absVotesRemainingMin":0,"absVotesRemainingMax":1979.8399999999856,"republicanTurnoutVs2016Min":0.06845499618611744,"republicanTurnoutVs2016Max":0.44024034284762786,"democratTurnoutVs2016Min":0.008099819429396887,"democratTurnoutVs2016Max":0.7080201225040627,"republicanTurnoutVs2018Min":0.00973880807510986,"republicanTurnoutVs2018Max":0.35364155955441295,"democratTurnoutVs2018Min":0.0752381278851867,"democratTurnoutVs2018Max":0.624832893069}