{"LANIER":[-83.19797472951453,30.844714837526034,-82.96980166692428,31.184213915275205],"BRYAN":[-81.78164736708277,31.71266609398789,-81.13851516554897,32.24119320503317],"APPLING":[-82.55071757259152,31.46925900769124,-82.0485854307146,31.966188110968695],"RABUN":[-83.6616760519913,34.716013678832056,-83.09824789531838,35.00066574851129],"BLECKLEY":[-83.49809288052604,32.27249514900672,-83.13899477421873,32.58420722168048],"FAYETTE":[-84.62720825567494,33.256506326568896,-84.38167718589203,33.55093938950281],"JEFFERSON":[-82.66213867077107,32.761458287749115,-82.2325575485279,33.31330541276311],"SEMINOLE":[-85.02856825714709,30.71149975001905,-84.73085917137134,31.075528825774793],"CAMDEN":[-81.93693036573389,30.708661851407825,-81.30435617706053,31.169600950686046],"GLYNN":[-81.78249632469954,30.990649923719356,-81.1825671541059,31.453027020493128],"POLK":[-85.42185651793577,33.899218436105265,-84.92274637537756,34.100674476263166],"MORGAN":[-83.68738999187336,33.434478397254665,-83.26919986703135,33.81776648111275],"TALBOT":[-84.70320023905252,32.51864515687918,-84.28625012257196,32.88356724384504],"SCHLEY":[-84.43021913503938,32.158499095781714,-84.18166106694531,32.42805314903298],"UNION":[-84.1791022093351,34.640558636369384,-83.78040508405837,34.987551706211455],"WILCOX":[-83.61225988481853,31.8446520576404,-83.17669675917635,32.13326611618108],"WARE":[-82.70105359396726,30.568561798350164,-82.13170142010519,31.4693569928906],"CLARKE":[-83.53738896796277,33.847983496698596,-83.24086387888798,34.04057853489746],"JONES":[-83.81682500607702,32.841297267986484,-83.35768886270743,33.18584334708881],"CARROLL":[-85.33823447054434,33.4255123415683,-84.80893831435269,33.81243542298895],"ROCKDALE":[-84.18414713827777,33.52578239932017,-83.91327006310033,33.78606045715344],"DADE":[-85.60516962273933,34.623864574329495,-85.36392355323366,34.98468464711308],"MURRAY":[-84.94451641511968,34.583193600918406,-84.58219931853577,34.98833568706627],"COBB":[-84.73964031559063,33.74351342659038,-84.37473221249414,34.0814394964226],"COLUMBIA":[-82.44284963031615,33.35464142416954,-82.02824150455949,33.700552499434906],"FORSYTH":[-84.25893818438726,34.050660509556714,-83.92557109848615,34.335162564104934],"BALDWIN":[-83.4290938960386,32.92614729365211,-83.04433077808929,33.19040635320924],"WALKER":[-85.53409358160845,34.581805573071,-85.05045044254923,34.98508166043809],"EMANUEL":[-82.64773663608726,32.29188818684115,-82.00123945226656,32.84133630898533],"GILMER":[-84.65710233484111,34.54850160466897,-84.1934851948501,34.85556666087041],"WARREN":[-82.86660874688886,33.253446385376904,-82.38383259699692,33.61143246834856],"ELBERT":[-83.10329085235392,33.955734545916904,-82.56446568360394,34.288870609776836],"CLAYTON":[-84.45893121334754,33.35247134937974,-84.2438621532043,33.648882410217475],"BRANTLEY":[-82.28456447353214,31.010635904386046,-81.73169731570016,31.373726988723977],"CHATHAM":[-81.39170125028537,31.70520409579367,-80.75143205861123,32.23750521230472],"PEACH":[-84.01815103256952,32.43915416942146,-83.70109395022021,32.69262822798557],"ECHOLS":[-83.13661769479599,30.59155379291142,-82.5787765363737,30.872254845818144],"EVANS":[-82.02534244435822,32.04790615102628,-81.71866134520154,32.2788891938294],"QUITMAN":[-85.14193532081741,31.770968981462847,-84.90701026106866,31.99186302927496],"IRWIN":[-83.50095484042917,31.472001976585847,-82.99836370039712,31.76965703590543],"BURKE":[-82.31651555497722,32.803717305022964,-81.54183433728593,33.29699541553754],"HENRY":[-84.35440417294477,33.297637347600755,-83.92250405320318,33.64741741612798],"LIBERTY":[-81.82440837321819,31.52098705181048,-81.04979213231196,32.09247016315378],"MADISON":[-83.40243194033806,33.99894152968878,-82.97629780755679,34.27353659327788],"TOOMBS":[-82.48313456346888,31.911804105624345,-82.18191548401016,32.35374419806297],"MONROE":[-84.12427907994984,32.84835725713587,-83.70598496476745,33.20263532910718],"CLINCH":[-82.97133965723114,30.581772795521985,-82.41863548637973,31.18435892051609],"OCONEE":[-83.6470349962383,33.69831345945612,-83.2759368850968,33.965918512123224],"BERRIEN":[-83.43901381133064,31.02541087321342,-83.03347169208728,31.47599697071216],"CHARLTON":[-82.4204454946279,30.355762753237457,-81.89188134793883,31.0758149196898],"COOK":[-83.57697284118147,31.02728387054829,-83.2797317554149,31.350366939784692],"PIERCE":[-82.41741551873376,31.202092944483507,-81.99211739200335,31.530705018731805],"EARLY":[-85.11460529138199,31.072595829491842,-84.6275831541754,31.518675925149424],"JOHNSON":[-82.95706973571454,32.50947922615849,-82.434152585751,32.822362298136284],"TAYLOR":[-84.45323616024324,32.37205914044329,-84.00197503058827,32.74763222064333],"DOOLY":[-84.03341502121302,32.02794408539677,-83.60611690286154,32.2921461347137],"DAWSON":[-84.3465082360487,34.33401757499041,-83.95708110991201,34.61793062652061],"LEE":[-84.33861409742795,31.621956972521364,-83.92249797785344,31.91619603666427],"BARTOW":[-85.04705041131683,34.07530348358404,-84.64429730953113,34.41297456182438],"WILKES":[-82.98728979777124,33.59607746467274,-82.47952164239149,33.99140854981446],"LAMAR":[-84.2701441304427,32.93150326941107,-84.04099507298469,33.20283032624575],"HARALSON":[-85.38658549853731,33.652093380211355,-85.03668839811769,33.906308437242394],"COFFEE":[-83.15114473435663,31.363935967609663,-82.59628657834669,31.816205064291896],"GLASCOCK":[-82.7558497033754,33.11888736234346,-82.43196061019152,33.32727640952246],"RICHMOND":[-82.35350158857675,33.227198406816946,-81.82833943237901,33.5449404751958],"TWIGGS":[-83.61155492481473,32.45220418361664,-83.2265398081241,32.89822628526135],"WHITE":[-83.87742210288533,34.50360462202041,-83.61563502219279,34.80133568189777],"MILLER":[-84.92242722648018,31.068015836365987,-84.53710512446116,31.259447878563098],"MERIWETHER":[-84.86463730002225,32.84464622807727,-84.490543203588,33.23149931230837],"NEWTON":[-84.05518909443651,33.367245371241104,-83.6746479824831,33.744209450324895],"MITCHELL":[-84.50822610823106,31.077295860071555,-83.99779997818737,31.44375894195237],"GWINNETT":[-84.27682618236928,33.75281444841799,-83.79910804208191,34.16787953570631],"GREENE":[-83.40609391485724,33.35503639361917,-82.95079678081741,33.76178047777046],"SUMTER":[-84.44381113002773,31.87276102724578,-83.91912297761061,32.22970911123589],"RANDOLPH":[-84.95932826663524,31.618674950360326,-84.53510014309046,31.931846023763903],"FRANKLIN":[-83.39839995448939,34.223736574206654,-83.05138385461161,34.536623650328686],"PULASKI":[-83.61584990449052,32.10284911067689,-83.29110980762725,32.40235817191989],"BROOKS":[-83.74373287179526,30.634411780849224,-83.30889474560753,31.078963873824527],"CHATTOOGA":[-85.5272655774311,34.286103510305516,-85.10775245691839,34.58976257417747],"BACON":[-82.62827658804659,31.416911986701283,-82.22658847020783,31.710802050067645],"TURNER":[-83.80222693739883,31.565515980655572,-83.45218283525685,31.85409504694037],"LOWNDES":[-83.48476980063316,30.6239727830677,-83.01942267137186,31.03196986624164],"ATKINSON":[-83.1415897291809,31.183017923531157,-82.6289785795131,31.420400964635768],"TOWNS":[-83.94607214259243,34.79052668039547,-83.54688702419939,34.99249873019739],"SCREVEN":[-81.86867941606809,32.489292257615034,-81.38920827228617,33.04566038140274],"TROUP":[-85.23652241461342,32.866653217970835,-84.86147429511813,33.22469930085609],"LAURENS":[-83.2265398081241,32.147280133307525,-82.63312963138581,32.7157662633902],"FANNIN":[-84.62275633205509,34.602698623490184,-84.0927951729718,34.98840769937682],"THOMAS":[-84.11924899312253,30.658401772122524,-83.7361618851359,31.07797685680811],"FULTON":[-84.8507173231591,33.50251737412804,-84.09769613436055,34.186150528991156],"CANDLER":[-82.25457551339358,32.26878919332877,-81.91867441924556,32.56006925551934],"CALHOUN":[-84.82806622360876,31.42788792254225,-84.41252509773659,31.643675965868752],"BAKER":[-84.64195715713007,31.078405844272368,-84.14085601858173,31.45476692976548],